city_name,psgc,year,poi_count,large_water_m,small_water_m,building_area_m2,gray_zones_area_m2,green_zones_area_m2
Batangas City,401005000,2022,86.0,63093.63123595397,124197.99866382536,8293202.066500955,14963087.727704946,11009817.933476888
Batangas City,401005000,2023,85.0,63973.78955559563,124198.96331010578,8309308.035589179,15440177.661713945,11067885.082397133
Batangas City,401005000,2024,78.0,64606.50737259042,129561.67928477777,8351655.830487309,17286779.22433398,11065220.278777905
Batangas City,401005000,2025,79.0,68793.92740126613,130540.96235678186,25345037.10924342,18831194.801166818,25628992.1728489
City of Alaminos,105503000,2022,18.0,78755.53482245786,128941.93386476902,454022.6848166687,9022244.977848576,11657010.505848087
City of Alaminos,105503000,2023,20.0,78762.99035980982,129712.10014391322,465758.5343061252,9039996.061730925,11657098.745593056
City of Alaminos,105503000,2024,17.0,78739.3474704976,132145.00318701047,484131.6010216082,9074677.827575969,11650022.619781114
City of Alaminos,105503000,2025,17.0,78732.26478126149,133358.40864599778,518029.9523280662,10803409.716317026,13461871.713027947
City of Angeles,330100000,2022,126.0,87635.62324957641,98094.8917831815,14778424.715871863,15563616.229375966,7523872.102835311
City of Angeles,330100000,2023,131.0,95059.86616595689,92921.01262149838,14909561.978211088,16888293.056975044,8476829.262894714
City of Angeles,330100000,2024,138.0,101996.57886007261,86142.46771263801,14951078.416821714,19862606.73680064,8263017.267839659
City of Angeles,330100000,2025,138.0,104975.84305464514,88389.780480672,15075994.406293463,20988950.678219743,8238627.057619684
City of Antipolo,405802000,2022,99.0,222410.56907638584,174997.06590438398,5126381.410401441,19652693.61795289,31689597.564998023
City of Antipolo,405802000,2023,106.0,227562.93153683015,169772.5005767679,5283558.705218348,20105453.66274421,32260431.951159947
City of Antipolo,405802000,2024,101.0,219057.60708211793,164960.62810292243,5391075.403721289,22250214.447167777,32333647.096955042
City of Antipolo,405802000,2025,105.0,180520.3031964364,201085.3223643444,5514129.783820618,24925745.895456847,48838581.75307529
City of Bacolod,630200000,2022,97.0,98723.96145539184,73681.7329685351,2669252.107309267,14889215.06296507,2447548.443851167
City of Bacolod,630200000,2023,94.0,105263.89157362246,74749.27669163332,2735870.0290294103,17542875.241767142,2442716.654815195
City of Bacolod,630200000,2024,103.0,108551.66114344946,72173.27357780807,2834934.140644777,18533950.697956428,2456578.3233611076
City of Bacolod,630200000,2025,103.0,105934.30008613867,91216.79832864432,5690651.178602655,19106015.127596285,1967754.3485058302
City of Bacoor,402103000,2022,73.0,48387.27239062133,60111.84119455989,7850062.772845928,11161503.220290964,484525.9458995903
City of Bacoor,402103000,2023,70.0,58029.327420365444,51720.56938852282,7961141.518834342,13382679.264370529,499339.462488121
City of Bacoor,402103000,2024,77.0,62651.628726503724,48420.06997291259,8070862.293041909,16732820.676922016,474563.2882600067
City of Bacoor,402103000,2025,77.0,62540.552212424234,48566.5326926037,8098718.176564837,17371518.687403645,504193.93352501525
City of Bago,604502000,2022,1.0,198196.77450398335,62404.2638703715,210702.010195879,3987642.252850865,46206390.9690305
City of Bago,604502000,2023,1.0,198668.0468958618,69363.89909438214,248407.51262361236,5310776.7525455225,67674832.6460182
City of Bago,604502000,2024,1.0,198690.4044945906,69363.89909438214,248697.26990667923,5334694.610670733,67674832.6460182
City of Bago,604502000,2025,2.0,213527.93068979002,89621.78419519849,2026011.2677494287,5635718.010858615,67539856.27991769
City of Baguio,1430300000,2022,104.0,19197.008104468667,47606.72929648376,7489075.478430184,6545383.897396521,15804212.64041231
City of Baguio,1430300000,2023,100.0,15889.998215597805,48793.90158149709,7563695.433437234,8866912.061362045,18528125.901577357
City of Baguio,1430300000,2024,104.0,22544.400173331298,52838.17581768285,7522531.001874331,9147655.585327936,18872060.376210056
City of Baguio,1430300000,2025,109.0,22550.62301234903,52180.230074647065,7659640.891969396,9236371.395353317,18808083.482266523
City of Bais,704604000,2022,16.0,106364.56959742901,6694.398163595048,684638.1479712476,1206156.8867277505,12042.802671177678
City of Bais,704604000,2023,11.0,136122.59345237428,29216.068985728227,686008.3738632163,1256360.3013609143,12425.846349487623
City of Bais,704604000,2024,8.0,116841.9580861483,29216.068985728227,696838.8898884023,1256360.342819618,12425.846349487623
City of Bais,704604000,2025,7.0,112259.90967845621,30554.119171574977,700368.1639854846,1586020.6765487527,12156229.29786372
City of Balanga,300803000,2022,31.0,57533.83878486757,69162.72592916427,2405858.972573239,1179993.4265142197,1407396.0769578202
City of Balanga,300803000,2023,34.0,56658.607972759964,69406.65531995239,2435267.246480617,1780411.4957920334,1411834.661647641
City of Balanga,300803000,2024,37.0,68698.88174373972,57573.14496447673,2439042.528818047,2206166.6754873074,35628.61067946664
City of Balanga,300803000,2025,36.0,68664.32072941642,57555.57670287519,2444498.670698062,2245559.2600024357,36681.687705399265
City of Baliwag,301403000,2022,26.0,33914.690991554715,64143.79670873415,387265.5877775615,642443.8560321265,123783.58587055217
City of Baliwag,301403000,2023,27.0,33918.54869864743,58698.366054447026,415649.143848758,1459058.5482597565,147157.22261331647
City of Baliwag,301403000,2024,29.0,31623.612966067176,68758.60090307711,524997.0143564156,2457678.3865317735,140483.5131046736
City of Baliwag,301403000,2025,28.0,31623.612966940706,68754.54532651493,562755.7030252998,2642920.4836866474,228969.73217379357
City of Batac,102805000,2022,11.0,34518.30456017877,10091.147335155842,1458817.0428136475,51077.935610651184,6623.38007973236
City of Batac,102805000,2023,11.0,34506.298722233754,10699.073226751121,1443600.6349239694,51077.935610651184,6623.38007973236
City of Batac,102805000,2024,11.0,34506.10589776124,10699.073226751121,1444848.1344252806,121095.37326715811,175331.83831810902
City of Batac,102805000,2025,11.0,38137.58012970055,16411.353854536035,1458751.9583819495,121305.85079067454,178409.88405453356
City of Bayawan,704606000,2022,6.0,373942.97349108715,26162.32274386148,141959.13981280007,5545167.388711962,10076.674218385147
City of Bayawan,704606000,2023,7.0,397061.37934576324,48177.343632666794,142849.79232951129,5558776.981147589,24165.03210734208
City of Bayawan,704606000,2024,9.0,369084.9472043539,48969.62826529157,198512.05776657606,5579664.281322289,29144.5558943109
City of Bayawan,704606000,2025,8.0,386724.29763715254,53596.98825092766,373466.78615783126,5607996.964100228,29144.5558943109
City of Baybay,803708000,2022,15.0,185189.05166763038,30506.66006870674,1480092.1218473641,8434684.441895943,281876385.18069893
City of Baybay,803708000,2023,15.0,191196.40128357933,44338.35678486916,2352789.3912778017,9675656.314611245,286794190.90546143
City of Baybay,803708000,2024,14.0,191135.6733733581,54522.6954691449,2358963.367665589,9656319.146773474,286917670.9423622
City of Baybay,803708000,2025,13.0,191135.6733733581,54522.6954691449,2376533.1168720913,9655916.309228344,286907871.6658077
City of Bayugan,1600301000,2022,11.0,291289.383075728,72457.04350703984,134149.3497512801,418443.76711113215,882886.3965686656
City of Bayugan,1600301000,2023,10.0,294192.6411620778,71882.77385390818,194297.7665269586,494809.23820835317,882886.3965686656
City of Bayugan,1600301000,2024,9.0,296167.0687763233,71439.2120878738,238715.7942422951,642445.3781192575,1064866.5679678903
City of Bayugan,1600301000,2025,9.0,293698.83697062585,86182.98922868469,265836.42447902326,717807.0894582658,6633703.740913839
City of Bislig,1606803000,2022,21.0,206161.71980124686,34155.6418163308,164026.20490505124,1289264.9521272897,1672894.3903139655
City of Bislig,1606803000,2023,15.0,206150.5518669785,34155.6418163308,182651.5792286649,1289264.9521272897,1672894.3903139655
City of Bislig,1606803000,2024,13.0,206212.74539047567,34154.15861730613,183243.54679182888,1384718.8368942423,1666973.9935003466
City of Bislig,1606803000,2025,13.0,206214.0602319868,34154.15861730613,217411.8879695224,1494685.745735396,1666973.9935003466
City of Biñan,403403000,2022,26.0,39646.105922899216,33223.46119642078,3716825.8052704497,16980905.488334265,712033.4611180888
City of Biñan,403403000,2023,27.0,42808.963023962184,33321.98217351668,3816903.3215180617,17196533.49949655,1059582.1123980917
City of Biñan,403403000,2024,27.0,42821.36122623878,33472.177481111816,3915543.228436709,17293198.758925743,1275346.9724147697
City of Biñan,403403000,2025,29.0,42821.5479152138,33471.85382696064,4043595.1083958284,18158531.380821846,1272696.6375741006
City of Bogo,702211000,2022,18.0,16043.628568364928,7541.336382101408,1576508.217511697,5024083.6687384555,3421526.8475128775
City of Bogo,702211000,2023,18.0,15401.447188755687,8183.51776171065,1578340.9875233844,5100581.013115393,3421526.8475128775
City of Bogo,702211000,2024,18.0,15401.447188755687,8182.348128698772,1567390.2553024206,5100581.013115393,3421360.913297304
City of Bogo,702211000,2025,15.0,15401.447188755687,8182.348128698772,1587656.7747125253,5160663.105910439,3421360.913297304
City of Borongan,802604000,2022,17.0,317899.6284136593,76757.84969273132,1016560.0981943512,6847232.156620317,56832322.032973304
City of Borongan,802604000,2023,17.0,339666.8687120862,98247.04767937334,1307465.804759738,6793282.114186794,56831049.591982335
City of Borongan,802604000,2024,17.0,339667.566083522,98242.40365572141,1313812.4635100742,6855239.807122107,56830903.01699525
City of Borongan,802604000,2025,23.0,292088.15993774246,215067.12426396203,1394505.1076222737,7057570.689430577,37907333.240358844
City of Butuan,1630400000,2022,59.0,449307.180820824,153535.56745292942,6832212.216061261,11224294.91909868,3182993.650004433
City of Butuan,1630400000,2023,59.0,439169.11853161565,154177.71971151658,6831645.841413062,11441687.73953968,3181388.3095236113
City of Butuan,1630400000,2024,58.0,442254.0592770319,150229.94492269307,6836240.262557577,11670496.834021548,3488517.600496541
City of Butuan,1630400000,2025,57.0,437230.4295118921,150198.4329998,6858117.4289013175,12173968.03897813,3353194.122321499
City of Cabadbaran,1600203000,2022,10.0,144207.2375943269,48686.171986261295,171243.29182796975,689539.474831423,13484.870034966132
City of Cabadbaran,1600203000,2023,10.0,144207.23759432687,48690.56924331698,175328.04333456772,689539.474831423,14226.146644272645
City of Cabadbaran,1600203000,2024,10.0,144206.17783030836,48690.56924331699,308489.2235957461,723092.501495596,14226.146644272645
City of Cabadbaran,1600203000,2025,12.0,142344.49684331263,51054.23401321306,310131.7021479283,730466.1712629187,46561226.33705878
City of Cabanatuan,304903000,2022,54.0,99281.64228165563,153452.42429127262,856234.192520221,4474369.720962824,548940.9789514402
City of Cabanatuan,304903000,2023,56.0,100391.20296663769,147633.78360756693,887675.3886789754,4811682.040583084,551401.2511897117
City of Cabanatuan,304903000,2024,55.0,98720.93106980897,147920.67993407208,908126.0541927884,4909980.518213327,973204.298085793
City of Cabanatuan,304903000,2025,58.0,104380.61034071284,136403.83435934156,1024180.8748637104,5280084.87351426,979057.6205563643
City of Cabuyao,403404000,2022,29.0,58336.01129847856,21473.17226816312,2136958.56936758,14041474.75490103,5447725.154567287
City of Cabuyao,403404000,2023,31.0,58337.25519033119,21471.721385772074,2137796.081441734,14094901.591258286,5422442.2776675215
City of Cabuyao,403404000,2024,30.0,58336.37849257313,23997.511437777175,2342799.4478932796,14595537.552073592,5391092.128145689
City of Cabuyao,403404000,2025,28.0,58323.944022126765,25190.391219696092,2363423.856374819,14751497.28063535,5639318.597556677
City of Cadiz,604504000,2022,7.0,247651.70889916102,108245.701975439,607254.5950347788,5700366.937441924,156464591.99344322
City of Cadiz,604504000,2023,6.0,284463.0273870293,193074.4122628647,608425.2821931083,5759993.375467004,156464591.99344322
City of Cadiz,604504000,2024,6.0,293754.1510219943,194035.16915299525,622841.7233300383,5855271.731670045,156464591.99344322
City of Cadiz,604504000,2025,5.0,303951.59026512643,194035.16915299525,685425.825812185,5848682.459670046,156464591.9934432
City of Cagayan De Oro,1030500000,2022,129.0,400058.0470024797,99424.25849184142,11710345.532368876,13693527.616986822,78221248.43602057
City of Cagayan De Oro,1030500000,2023,127.0,400172.92142153287,99106.39976908645,13459213.253828708,13990831.413521582,78200225.84294629
City of Cagayan De Oro,1030500000,2024,134.0,410986.18554633786,88796.51895166299,16694194.530117424,14880183.569709238,78198118.663828
City of Cagayan De Oro,1030500000,2025,135.0,407990.44930389296,99194.47014015012,16651086.97208142,15453410.076876786,77538941.67520763
City of Calaca,401007000,2022,2.0,42859.32846478795,78610.63511788847,1766483.6987926415,1693822.3648251523,5225019.293493197
City of Calaca,401007000,2023,3.0,44833.664979047826,171368.41293994486,1779807.0842169232,1693822.3648251523,5225019.293493197
City of Calaca,401007000,2024,3.0,44336.96496015844,251549.08264098145,1908382.5517199873,2223936.5618263315,5056128.909582037
City of Calaca,401007000,2025,3.0,44336.96496015844,251811.24226867635,1910645.9109637889,2223936.5618263315,5056128.909582037
City of Calamba,403405000,2022,86.0,95054.22153266125,100005.73656207559,3879603.6868507615,42589244.19265033,25817528.929848257
City of Calamba,403405000,2023,85.0,95055.46542446136,102381.71615095834,3916434.28370969,42734710.03124499,25773410.308134172
City of Calamba,403405000,2024,83.0,95010.96941790235,102777.5451162311,4399650.835379699,45925865.699032255,27359535.9374373
City of Calamba,403405000,2025,82.0,95010.19660172373,102788.0280204403,4590673.167483794,47869463.580962084,30313045.052779526
City of Calapan,1705205000,2022,34.0,148853.95614278235,12758.870100207787,418664.654709819,2838276.8472875645,283140.2746632287
City of Calapan,1705205000,2023,33.0,150370.2986493442,12758.870100207787,983087.0900511313,2907315.26283163,283140.2746632287
City of Calapan,1705205000,2024,32.0,143119.6186346911,14544.300424215064,983607.0328397735,2921860.393787435,283140.2746632287
City of Calapan,1705205000,2025,32.0,137063.4777223126,32255.799245322476,995685.2699520312,2925976.6021364345,563194.3299725467
City of Calbayog,806003000,2022,50.0,444703.9264172941,116947.01452458813,1706938.4313436537,6822648.954687646,46320999.0796457
City of Calbayog,806003000,2023,52.0,447078.55814042554,117732.89170261814,1729466.4211559512,6951293.021156883,47195649.87641548
City of Calbayog,806003000,2024,48.0,465947.66247506527,101927.43852464072,1761986.3266910554,6540588.463768043,47211784.107523926
City of Calbayog,806003000,2025,48.0,482380.5715697783,174905.62394028885,1774022.29721841,5750840.159484441,47211784.107523926
City of Caloocan,1380100000,2022,132.0,49299.42834630375,38780.473590998336,8110723.084932156,10540314.505927201,188044.36875049162
City of Caloocan,1380100000,2023,144.0,59198.51535131819,32887.64873642399,8522052.037311766,15097399.450769302,868941.3846368692
City of Caloocan,1380100000,2024,151.0,62313.11475420775,35087.6585694808,9119281.339199688,18336076.535496727,799935.2032116828
City of Caloocan,1380100000,2025,162.0,45381.86687719586,41686.737320620254,9137601.971561842,20353569.353028607,571539.642920825
City of Candon,102906000,2022,12.0,46861.84553950301,6097.789627767629,1591184.8918379177,371598.2187241846,72709.54776524214
City of Candon,102906000,2023,12.0,51496.56444032054,6097.78962776763,1589361.7299670987,382308.5447838514,72709.54776524214
City of Candon,102906000,2024,16.0,41774.05848898544,6500.812175267705,1613261.7696240607,398817.97063508,68744.8170533853
City of Candon,102906000,2025,16.0,41774.67731414969,6500.812175267706,1616407.4274391588,400554.97292899294,69523.57357453479
City of Canlaon,704608000,2022,5.0,116177.8140759245,12242.984154154467,162574.8664510379,610611.8727234075,35078248.23680022
City of Canlaon,704608000,2023,2.0,118527.2491548554,18039.02120481469,167824.73088942366,610611.8727234075,11883096.26795581
City of Canlaon,704608000,2024,2.0,118527.24915485541,18039.02120481469,174152.0602938916,610611.8727234075,11889641.839584427
City of Canlaon,704608000,2025,3.0,135382.35193705096,39398.96037670276,865120.2794035166,735433.4663070092,11883036.61522214
City of Carcar,702214000,2022,14.0,31151.279627837815,9471.268831314786,124658.56801938642,377613.6867140036,1674245.5592840838
City of Carcar,702214000,2023,10.0,31151.25500650541,9471.268831314788,155031.9491193416,305852.4015661955,1674245.5592840838
City of Carcar,702214000,2024,10.0,31221.247520651523,9471.268831314786,156043.5714012725,305852.4015661955,1674245.5592840838
City of Carcar,702214000,2025,9.0,31222.935362110988,9471.268831314786,174949.22595493685,471857.4223071149,1673890.3996568061
City of Carmona,402104000,2022,14.0,30162.17306315017,46505.257715299915,2251522.05400623,9157310.391849287,6878052.289029993
City of Carmona,402104000,2023,15.0,32008.335042115228,44931.252752878565,2339078.2276824387,9150948.113601701,6772030.8991165655
City of Carmona,402104000,2024,15.0,29486.8383788442,47271.28528738525,2380511.523054107,9926791.843383742,6696006.206225547
City of Carmona,402104000,2025,14.0,29487.09417194537,47609.574493861306,2507845.957092744,10242028.37272821,6699036.233738358
City of Catbalogan,806005000,2022,41.0,33877.07122214926,25469.848702849253,868392.792413265,1471389.8230886837,6621850.519681083
City of Catbalogan,806005000,2023,42.0,51546.107427702795,36105.31541562446,872761.5530942252,1321581.0373773535,7057523.085042993
City of Catbalogan,806005000,2024,39.0,56969.43743928424,31870.159494982054,874514.452421647,1295165.1404586204,7057523.085042993
City of Catbalogan,806005000,2025,34.0,46911.55910916961,43755.73176608016,882706.6216079739,1301875.7363262926,7048957.279614082
City of Cauayan,203108000,2022,26.0,488898.97456545924,78900.05761582838,527572.9087282617,32631862.43731014,14718.946538299937
City of Cauayan,203108000,2023,26.0,488898.97456551576,79375.62790291963,528995.3291750838,32642005.402239744,24333.219112383355
City of Cauayan,203108000,2024,27.0,485454.7462593607,79467.27875730279,2115864.7418514383,33000376.212107707,22155.987834060244
City of Cauayan,203108000,2025,26.0,486271.46797069814,86133.53690677347,3065622.5043167844,33413391.770648338,27827.54584771743
City of Cavite,402105000,2022,13.0,0.0,2904.639966688348,1680683.6924980995,15131.963734636623,4023150.139618154
City of Cavite,402105000,2023,13.0,0.0,2904.639966688348,1681700.610543631,15131.963734636623,4026239.364245961
City of Cavite,402105000,2024,13.0,0.0,2904.639966688348,1684809.5001633982,17432.084152392006,4044169.066188884
City of Cavite,402105000,2025,13.0,0.0,2904.639966688348,1686165.8437887395,18352.024192774723,4044169.066188884
City of Cebu,730600000,2022,237.0,157964.70326391404,100236.89124147347,4250488.272819328,19391528.9391013,11306644.336729633
City of Cebu,730600000,2023,239.0,157956.8102136788,101126.01880665918,4349355.613700951,19385865.816840865,11314448.080273269
City of Cebu,730600000,2024,247.0,158036.32295034954,103248.34818297855,4887007.210332043,20274696.66842657,57291486.79020158
City of Cebu,730600000,2025,251.0,160561.3700087662,105339.2936609987,5745476.278813394,22360356.214714486,65390214.21395464
City of Cotabato,1908703000,2022,38.0,132406.46479259996,22808.783592526946,1705793.0021826525,4800035.8175120875,514312.4697651223
City of Cotabato,1908703000,2023,37.0,186798.49448003402,46541.111525193795,1698383.6863831824,4548025.079127426,2237899.6486422447
City of Cotabato,1908703000,2024,37.0,186798.49448003402,46541.111525193795,1702325.0699022908,4577664.06892481,2206847.5389366597
City of Cotabato,1908703000,2025,37.0,175601.77676124292,49872.29320105088,1671976.169985795,5016186.307140922,2200175.441819127
City of Dagupan,105518000,2022,75.0,87892.18417927412,14860.709899593814,800187.1346266891,1579213.2102569786,64784.592172862
City of Dagupan,105518000,2023,69.0,87892.19477578475,13865.551314840459,845538.5660335742,1597529.3042880483,65428.33455557742
City of Dagupan,105518000,2024,68.0,87835.03575133313,13865.546690845167,983960.6167127539,1895334.72460856,65428.33455557742
City of Dagupan,105518000,2025,68.0,87835.03575133313,12803.55286581228,989090.0777610489,1896607.1712926931,65682.13402679114
City of Dapitan,907201000,2022,5.0,183884.16203303004,17680.61852918328,143754.41512201042,1592122.4777723567,173257.4926517907
City of Dapitan,907201000,2023,5.0,183884.1620330375,17680.61852918328,148545.2730682833,1589045.1886716587,173257.4926517907
City of Dapitan,907201000,2024,7.0,183884.1620330375,17680.61852918328,162699.48295630273,1853808.0596931297,1171469.2268215998
City of Dapitan,907201000,2025,8.0,164850.9517892691,18616.165879167776,168555.86373127982,1875051.8410766956,1127632.777882352
City of Dasmariñas,402106000,2022,54.0,120995.4960961314,114664.65816398631,9008441.318338301,32795919.76316608,2388839.2741092257
City of Dasmariñas,402106000,2023,53.0,121000.57382113648,116806.46830375268,9155307.30270115,33653689.71723337,2633477.9307724745
City of Dasmariñas,402106000,2024,56.0,122514.76927268518,121495.28885420115,9226358.342020713,34098335.493654646,2949490.79839284
City of Dasmariñas,402106000,2025,52.0,124276.4811218839,127170.48382800992,9319185.928112041,35036206.09435319,4137382.607195274
City of Davao,1130700000,2022,359.0,1531791.9935717292,1624343.544511968,14154194.124990871,50535823.69466659,362824667.09764504
City of Davao,1130700000,2023,341.0,1292292.76915557,1874244.3267484277,14566451.447518539,56910409.06883277,369842909.75420284
City of Davao,1130700000,2024,335.0,1319253.8156870792,1989088.4126379243,15012396.393162834,60754257.76223164,370461609.4918449
City of Davao,1130700000,2025,342.0,1242869.8349368984,2414921.609973912,15188281.410863036,63857706.04816174,371316175.82962227
City of Digos,1102403000,2022,23.0,126748.5611156533,90736.55372113269,839114.9210546815,1781081.2756045116,4266224.712310711
City of Digos,1102403000,2023,24.0,133148.62424317043,79930.72852537237,899631.3168413705,2200791.239038274,4287920.293086343
City of Digos,1102403000,2024,25.0,145772.5442927423,83982.84842389346,906333.1378803502,2746869.6814397867,4287920.293086343
City of Digos,1102403000,2025,27.0,122952.9173513731,176151.17278122206,957908.4299790493,3155191.930047798,4302568.467034029
City of Dipolog,907202000,2022,18.0,160748.96343663946,2382.7124803622382,4425235.387775518,771197.845945401,284639.0054800117
City of Dipolog,907202000,2023,18.0,160728.8596026806,2382.7124803622382,4426572.346230245,816315.8591273577,287822.2864957079
City of Dipolog,907202000,2024,22.0,160728.8596026806,2382.7124803622382,4424161.717173404,827641.3436180436,287822.2864957079
City of Dipolog,907202000,2025,11.0,165891.54490286205,2436.406270157531,4425839.742539642,1067582.0633831378,292500.50595293794
City of Dumaguete,704610000,2022,62.0,23795.799653804253,2671.334386958022,776063.897275915,329927.5831723047,175803.8261060915
City of Dumaguete,704610000,2023,56.0,25028.066480065747,4604.582817883309,834099.1554048884,633009.2763538972,174636.4490244415
City of Dumaguete,704610000,2024,50.0,19578.549059672478,10200.626249817562,909346.1425045136,1929125.9191621386,171836.2121475763
City of Dumaguete,704610000,2025,50.0,23642.139726410776,14290.72022001883,932566.5750595486,1965113.8098540457,172399.71344752368
City of El Salvador,1004307000,2022,5.0,34896.69886582553,9549.061018404158,1264656.6111436244,444956.92150686565,190913.9758127183
City of El Salvador,1004307000,2023,5.0,38773.974888168115,9551.911736819307,1279063.8837102766,465099.8839169231,196317.08781024482
City of El Salvador,1004307000,2024,5.0,38762.19102753162,9551.911736819307,1283020.1664046736,465099.8839169231,128319.81149662775
City of El Salvador,1004307000,2025,5.0,38762.19102753162,9498.242716392602,1286223.2794638593,470559.6978056602,128319.81149662775
City of Escalante,604509000,2022,4.0,111847.97467123503,32449.754773155106,864179.1145517338,4973626.174645812,4944430.333346855
City of Escalante,604509000,2023,4.0,111860.03601301891,32449.754773155106,866586.4366840185,5000985.050865921,4943013.623301707
City of Escalante,604509000,2024,4.0,111860.03601301891,32449.754773155106,869446.8800852537,5001324.36130517,4943013.623301707
City of Escalante,604509000,2025,4.0,118861.80820913256,39888.93246873248,869620.6352361205,5040748.311140722,4943013.623301707
City of Gapan,304908000,2022,10.0,98439.32837113089,123602.96372215447,183077.94583354026,438260.58835012343,384883.01154779684
City of Gapan,304908000,2023,20.0,98426.13009193362,106820.95471236037,226098.54266059736,1077909.027521684,384883.01154779684
City of Gapan,304908000,2024,19.0,98426.13009219286,106821.96162504378,229326.52274258816,1119763.0524990833,384883.01154779684
City of Gapan,304908000,2025,19.0,97812.19934036431,101004.31717021404,320868.0010847636,1121465.8208369568,384883.01154779684
City of General Santos,1230800000,2022,77.0,414138.4865646801,77077.41196282879,14557405.175812406,18288330.68848231,12164640.160703886
City of General Santos,1230800000,2023,75.0,392703.6059364881,22174.27895250945,14551286.936754363,18617035.321098454,12032125.495263372
City of General Santos,1230800000,2024,74.0,369915.37871283555,40663.30007115534,14562150.626668965,18840608.66496394,12038636.48843669
City of General Santos,1230800000,2025,74.0,319216.55072749633,86337.08184085923,14576919.24268852,19351632.57561392,12094064.789747369
City of General Trias,402108000,2022,44.0,129758.76665930999,85082.25649346392,5807959.223078711,28641788.944179207,1308311.099133722
City of General Trias,402108000,2023,46.0,128878.01737152213,93986.35059878502,6026712.794583068,31826277.092255805,1561500.3845682128
City of General Trias,402108000,2024,50.0,136696.16765941077,93177.74330886711,6151870.066754244,33001129.48208594,1561138.4218337939
City of General Trias,402108000,2025,47.0,133500.67979396295,100694.19647965356,6286401.219403745,33797426.017811574,1275368.4581323755
City of Gingoog,1004308000,2022,25.0,398878.3407904007,122355.85727911773,2133466.910098391,2399869.8447385877,133631177.92640729
City of Gingoog,1004308000,2023,26.0,418377.1686453704,156618.05778251123,2197489.9705718835,2835174.668146007,151506702.39124307
City of Gingoog,1004308000,2024,25.0,418377.1686453704,164624.79506287354,2208576.880297727,2873970.0339109804,151447965.7914766
City of Gingoog,1004308000,2025,25.0,424382.0067060804,158612.7928356031,2203475.5527585424,2876175.1081549213,151444951.46481276
City of Guihulngan,704611000,2022,8.0,79007.627814579,1715.4820231610142,65000.87652075084,930355.5911707036,9366.119494322595
City of Guihulngan,704611000,2023,0.0,92235.63590848501,19701.737799530496,80163.27808050378,932850.9617344163,9366.061900724646
City of Guihulngan,704611000,2024,0.0,92226.64010399288,19701.737799530496,101154.73974347091,993186.2985006402,9366.061900724646
City of Guihulngan,704611000,2025,0.0,115761.62085130226,26774.873438832594,717825.2251728824,1003680.2376573528,9366.061900724646
City of Himamaylan,604510000,2022,7.0,168544.85359632538,21535.936397844256,89756.61235208383,3160884.2101370944,367107.7553519856
City of Himamaylan,604510000,2023,7.0,182873.62493509913,30807.678478901275,96241.12468588147,3537647.6808862174,370556.65062917455
City of Himamaylan,604510000,2024,7.0,182873.62493509913,30807.678478901275,97455.96761342195,3537647.6808862174,370556.65062917455
City of Himamaylan,604510000,2025,8.0,184969.33725862415,41029.50606563692,97585.79169482598,3537647.6808862174,370556.65062917455
City of Ilagan,203114000,2022,9.0,956414.9817998869,97856.44545436438,3494234.493484986,31155700.847508408,350168817.0633575
City of Ilagan,203114000,2023,9.0,956414.9817999434,83520.90568531484,3500572.5310674654,31484348.873512972,350168817.0633575
City of Ilagan,203114000,2024,9.0,967445.6657882804,170265.22752559636,4241040.791056073,30541817.444239907,364440204.8074033
City of Ilagan,203114000,2025,12.0,967125.2841164467,178184.83186640774,4244478.963784528,29990550.297614023,364441249.1932397
City of Iligan,1030900000,2022,36.0,363200.7771704584,168229.6439899258,2409152.831443958,13206794.640403986,193615238.84526792
City of Iligan,1030900000,2023,39.0,365584.4784162144,167076.71939474955,2290340.6434164336,13806388.153809957,193597160.22107384
City of Iligan,1030900000,2024,40.0,365591.26879714185,167129.50434454562,2301403.831310512,13896113.68455723,193596985.16482726
City of Iligan,1030900000,2025,41.0,365590.1060797677,170181.49473561576,2420252.50456948,14657179.779314669,193583914.344692
City of Iloilo,631000000,2022,192.0,54990.986959044385,23893.76271691245,3572581.783890508,17111409.05444409,835501.4611366959
City of Iloilo,631000000,2023,181.0,54597.62344616834,26407.594441406607,5977365.11938228,17749449.402748384,771509.8260855252
City of Iloilo,631000000,2024,175.0,65174.46677049985,22983.14997463381,6139133.990123271,19902852.07562445,718280.3522749352
City of Iloilo,631000000,2025,173.0,65197.0977764477,18916.361674448723,6389937.44708634,22071908.412839863,935221.2501818767
City of Imus,402109000,2022,67.0,58732.67575314796,71727.21607748148,7113846.940588038,11337521.826349888,720039.3819157729
City of Imus,402109000,2023,64.0,56081.10444030671,73162.89919810397,7391499.950640903,16042597.95892388,1613295.9571913097
City of Imus,402109000,2024,64.0,57696.4214524029,77622.61424046349,7656601.517347772,19421533.49186326,2159613.1826054645
City of Imus,402109000,2025,71.0,55428.12391358765,96686.70151247532,7787385.312753335,21113949.98246493,3799874.3524686764
City of Iriga,501716000,2022,8.0,130539.51750353034,18594.19565886071,173826.11863895497,20533707.625072163,12373851.615447614
City of Iriga,501716000,2023,8.0,130539.47858597318,18594.19565886071,174103.53204894712,20533707.625072163,12373851.615447614
City of Iriga,501716000,2024,7.0,132733.36150320564,18594.19565886071,620772.7395636085,20330434.01414153,12359537.27091603
City of Iriga,501716000,2025,8.0,111555.2645049741,18594.19565886071,629323.8607663396,20369228.94096589,12359446.477296062
City of Isabela,990101000,2022,8.0,69045.18646037986,0,283866.7498171308,4432567.032763695,69050.9969568024
City of Isabela,990101000,2023,8.0,69073.36294039393,0,250823.59052866843,4437609.303993198,69050.9969568024
City of Isabela,990101000,2024,8.0,69049.78255559897,0,260624.39204698443,4405738.285289568,69050.9969568024
City of Isabela,990101000,2025,9.0,88580.72054299522,0,264436.102294259,4718763.126935101,69050.9969568024
City of Kabankalan,604515000,2022,15.0,367372.72474275075,72761.69928993576,273364.20183580555,11436083.208896032,8033648.882692137
City of Kabankalan,604515000,2023,15.0,446361.05657922744,65602.41872275599,274424.45355695987,11437314.705011128,8033648.882692137
City of Kabankalan,604515000,2024,15.0,440025.35198991024,65602.41872275599,279521.5506504962,11435256.66813224,8045013.47115127
City of Kabankalan,604515000,2025,18.0,396829.8356442922,65602.41872275599,330169.022692054,11255204.732641999,8033949.776593272
City of Kidapawan,1204704000,2022,19.0,226787.09882131848,74191.0901415349,3391661.2295489595,2732390.1679930245,10543386.90753557
City of Kidapawan,1204704000,2023,16.0,226356.4294809214,74191.0901415349,3389932.6475068266,2732375.2153622815,10543386.90753557
City of Kidapawan,1204704000,2024,17.0,257036.8707428757,81136.5805183231,3393550.559201109,2583726.8158280565,10543386.90753557
City of Kidapawan,1204704000,2025,16.0,233033.27604683035,112110.16162065153,3400667.143018428,2692448.734799637,10542424.56429252
City of Koronadal,1206306000,2022,5.0,103609.5742425699,36344.40683064549,4205508.653876465,2940606.6456329874,3176214.1289497423
City of Koronadal,1206306000,2023,6.0,121326.97231144102,62950.44456130143,4214884.442629801,3775495.188220645,3103937.714657237
City of Koronadal,1206306000,2024,6.0,103645.73610586785,75570.25072688358,4217761.021249245,3780878.920819522,1032795.7764818864
City of Koronadal,1206306000,2025,6.0,109461.30618016291,69744.46221728802,4224786.408586133,4050300.8430870282,970162.6136143799
City of La Carlota,604516000,2022,3.0,54981.39317757855,28942.026399164897,89503.58343204933,4683801.004589716,13599645.916112851
City of La Carlota,604516000,2023,3.0,57203.53831737043,36463.15419204841,90577.94903920966,4689377.67694811,28202113.986701313
City of La Carlota,604516000,2024,3.0,57203.53831737043,36463.15419204841,92078.4335922368,4689377.67694811,28202113.986701313
City of La Carlota,604516000,2025,1.0,78980.86701814181,65209.544588529665,1345685.5560625023,5012775.2657045135,28190770.270310063
City of Lamitan,1900702000,2022,2.0,34807.1535065501,333.23009541833596,168750.9104006038,268782.68962427205,26972.373998202853
City of Lamitan,1900702000,2023,2.0,34807.1535065501,333.23009541833596,180804.46910091297,268782.68962427205,26972.373998202853
City of Lamitan,1900702000,2024,2.0,33013.74516356623,2136.761979439478,181004.37680925833,267538.7618024491,26972.373998202853
City of Lamitan,1900702000,2025,3.0,44460.598459780085,3323.2838478650974,200384.41036740618,1764670.7582305921,29245.665994319283
City of Laoag,102812000,2022,24.0,70043.82747082828,7755.936045570898,3181258.117858859,1427905.7576744587,911009.3514559368
City of Laoag,102812000,2023,24.0,71796.70184217133,4886.628285836777,3181333.601269193,1446201.4217385014,911009.3514559368
City of Laoag,102812000,2024,34.0,73067.37487770848,5801.986354919095,3241475.662645938,653105.2778239531,908664.6692025862
City of Laoag,102812000,2025,34.0,76032.32926885317,5801.88318033518,3317948.063955687,653901.6931712127,908999.3462838483
City of Lapu-Lapu,731100000,2022,69.0,0.0,784.6157674648716,1676764.4805720644,9905780.181194965,2978078.681452181
City of Lapu-Lapu,731100000,2023,66.0,0.0,784.6157674648716,1759025.1263503293,10235742.55841511,2791603.1223056894
City of Lapu-Lapu,731100000,2024,71.0,0.0,1257.3205874501054,2214102.1915896297,10952117.347242441,2958034.9852038464
City of Lapu-Lapu,731100000,2025,70.0,0.0,1257.87144158148,2366194.8208809546,11239701.754432151,2998265.6317951186
City of Las Piñas,1380200000,2022,143.0,34814.47752757318,21789.949633419466,6952532.012586202,10660884.160399303,893359.7740331416
City of Las Piñas,1380200000,2023,137.0,41197.85889333075,15903.29258105707,7004053.954941243,12044268.77835065,869613.5729724426
City of Las Piñas,1380200000,2024,134.0,40669.617942248486,14967.421951893635,7087617.841659119,13731724.267399192,890670.720378962
City of Las Piñas,1380200000,2025,141.0,41132.44200585505,15174.494766836973,7078022.585311344,13782973.141305296,890284.7776614329
City of Legazpi,500506000,2022,46.0,128849.41208241049,46448.65531214904,3150350.1446223683,2630198.877208782,7477553.964549538
City of Legazpi,500506000,2023,49.0,128844.50869287911,46442.60629562711,3281380.8302026764,2648879.890018236,7477829.236166235
City of Legazpi,500506000,2024,47.0,132227.01055813947,44185.84610292786,3470530.756351464,3261816.4093133174,7760281.590885655
City of Legazpi,500506000,2025,45.0,126594.33489419405,47166.06327561063,3492932.441425953,3490783.844249435,7797198.980331777
City of Ligao,500508000,2022,4.0,196019.4476016945,32038.498773783274,967954.2820878125,3002641.9983187863,13608536.698532248
City of Ligao,500508000,2023,4.0,198002.4714920592,32020.654771244626,975842.7060743188,3073377.6540930695,13608536.698532248
City of Ligao,500508000,2024,4.0,202911.50718662483,32020.654771244626,1019517.9450394005,3108796.2011690442,13608535.949207868
City of Ligao,500508000,2025,5.0,208499.50075664243,43674.03450483695,1020040.8944378984,3112655.895799481,13819850.468104834
City of Lipa,401014000,2022,58.0,82339.2789590883,87364.28075804705,8629931.17884089,15810066.134378726,12495581.884123553
City of Lipa,401014000,2023,59.0,82283.63138264026,89154.10274911408,8666041.617128754,16204624.454432588,13118443.715592144
City of Lipa,401014000,2024,64.0,111801.41874592296,83513.90469014294,8830463.841944976,17120355.86385139,13151485.86556676
City of Lipa,401014000,2025,53.0,112865.58530555361,91254.68513293572,9063369.13386939,18836784.405809533,15106979.935292797
City of Lucena,431200000,2022,70.0,124688.32765542844,45839.534536196676,552641.6215981186,6229029.420216577,393950.0868452018
City of Lucena,431200000,2023,68.0,126417.72753814796,50956.806005011,806060.5968767954,6390114.627477143,391772.3770464204
City of Lucena,431200000,2024,65.0,130556.36663487779,47317.76109809049,849244.8953305224,7338293.314487711,393680.7684389854
City of Lucena,431200000,2025,65.0,129260.57186225553,47290.55581200102,897848.7908717752,7566522.9515166385,393680.7684389854
City of Maasin,806407000,2022,20.0,39621.9036758062,8998.909887032747,852880.6237515012,6203754.320729157,700864.5315066681
City of Maasin,806407000,2023,28.0,40099.251160441694,8998.909887032747,869111.0835414253,6235210.98857095,700864.5315066681
City of Maasin,806407000,2024,30.0,44457.39646539983,8998.90988703611,939180.6421429202,6298704.608797502,703346.1726385596
City of Maasin,806407000,2025,30.0,44459.21227682707,8998.90988703611,955470.2343997658,6305250.102356291,703346.0833862937
City of Makati,1380300000,2022,574.0,17559.12913904324,24037.799176496213,9248353.869915681,14290333.863576287,637535.6629041329
City of Makati,1380300000,2023,592.0,17905.2896898845,22757.49570401748,9354289.620048694,14326437.335999632,660438.781595963
City of Makati,1380300000,2024,602.0,17920.678890418447,22778.518938963916,9373177.950874632,14391816.721380902,598829.4793097024
City of Makati,1380300000,2025,621.0,17901.742255710436,23452.725543778335,9387260.67122053,14471585.854981026,585989.4414836203
City of Malabon,1380400000,2022,63.0,32402.70179205676,4511.415365725607,4301862.767459228,1829327.4445684007,136857.74442302823
City of Malabon,1380400000,2023,56.0,33240.88265942479,3522.4437867374727,4306974.59125132,1828435.6669030478,136644.30790738933
City of Malabon,1380400000,2024,43.0,32208.547900033205,3773.626170284715,4327033.050305599,2208467.2604703247,136697.92321286316
City of Malabon,1380400000,2025,45.0,30079.990780520453,3863.3185367897204,4337334.169762254,2500560.9338235767,157417.26362503713
City of Malaybalay,1001312000,2022,36.0,653563.4334382314,305296.04913619976,2079011.4607972505,2751375.7296520835,261358413.5863356
City of Malaybalay,1001312000,2023,32.0,670029.1098612284,315946.3128557773,2102779.0780700617,2908845.8243017932,272223892.88644797
City of Malaybalay,1001312000,2024,34.0,670919.0581042914,324559.7451228767,2077193.1920904217,3047950.6138682663,296533378.14581954
City of Malaybalay,1001312000,2025,38.0,689327.6008830621,346885.3255082335,2086734.0088302444,3108596.5144518833,296514534.4943293
City of Malolos,301410000,2022,68.0,87645.75863839244,42552.577095906585,1680386.9386794074,7431102.950172474,1276105.8662269204
City of Malolos,301410000,2023,76.0,87650.30679111897,42558.1306366784,1713763.0308063696,7394363.675986752,1264982.5453419073
City of Malolos,301410000,2024,75.0,85217.20100946251,42557.37823390231,1726381.4149373074,8141983.440461704,1265033.1001655227
City of Malolos,301410000,2025,75.0,85223.55205986371,42548.94014905029,1932881.754492316,8256401.4149992205,1252447.5517215873
City of Mandaluyong,1380500000,2022,114.0,5286.227899313574,12998.571293598008,4102960.056118816,2876927.131791837,56416.02013233064
City of Mandaluyong,1380500000,2023,120.0,5464.657546692478,12825.389524986907,4149821.827601462,3012904.4362985254,89464.6901072075
City of Mandaluyong,1380500000,2024,128.0,5464.657546692478,12822.379886087505,4184591.763478982,3165329.4033003147,91395.21443922834
City of Mandaluyong,1380500000,2025,134.0,5464.657546692478,13444.966958205005,4207184.308066636,3213498.1064922935,103210.40629273087
City of Mandaue,731300000,2022,83.0,15313.763300362023,11421.963666874204,2118245.7656247397,5751288.084320071,357471.52191486565
City of Mandaue,731300000,2023,86.0,15313.763300362023,11431.761726835162,2269933.504823879,6138175.426188944,357474.474071966
City of Mandaue,731300000,2024,85.0,16585.789450643402,10005.279802635576,2533611.4725157395,6507255.094667696,366633.1672799558
City of Mandaue,731300000,2025,89.0,18183.07698340484,8630.108234957463,2726428.437890037,6748113.41220921,527662.708705936
City of Manila,1380600000,2022,501.0,37219.34539915599,24123.998179249844,15525669.98769202,14369988.799094222,998306.6844161912
City of Manila,1380600000,2023,529.0,42082.42327811757,17323.19460313683,15533733.581528654,14386457.143303372,1008482.9240929665
City of Manila,1380600000,2024,544.0,42724.68118400693,17284.814515705708,15544173.55949954,14469102.977342393,1019778.8846383195
City of Manila,1380600000,2025,589.0,42715.09622485163,17401.032211888723,15552972.372533506,14520934.378121324,1008174.8672990316
City of Marawi,1903617000,2022,27.0,15636.062367466615,16801.4107671969,2367508.0716164256,9364678.648892427,7122854.031840203
City of Marawi,1903617000,2023,25.0,15636.062367466615,16801.410767196903,2368592.465996399,9714831.343636313,7124941.322850667
City of Marawi,1903617000,2024,25.0,15636.062367466615,18521.2801817886,2369241.3934013606,9708819.951318022,7125180.745738377
City of Marawi,1903617000,2025,26.0,15188.292204330704,18930.60923625126,2369239.784338241,9727853.946624659,7124492.979278964
City of Marikina,1380700000,2022,112.0,18354.50424881899,18469.80778068136,7513240.707531068,16243975.190950302,678966.3049446476
City of Marikina,1380700000,2023,114.0,20152.25469282453,16734.2515803255,7527164.049754036,15911649.872262467,691902.2456023821
City of Marikina,1380700000,2024,106.0,21269.6750310988,14863.777382779024,7530793.759784601,18603049.44438964,800656.2256428909
City of Marikina,1380700000,2025,104.0,21844.33731752192,14751.277508921128,7584415.820962331,18745153.260849588,806264.0568385306
City of Masbate,504111000,2022,6.0,85610.41311539689,22426.889931522466,305928.99337028473,4468517.282204424,56102.2986586546
City of Masbate,504111000,2023,6.0,86718.38182760739,21399.537404845658,334900.03337022016,4516416.364894928,55770.25420944813
City of Masbate,504111000,2024,16.0,86718.38182760739,21399.537404845658,342303.39890795335,4608672.208104804,55770.25420944813
City of Masbate,504111000,2025,14.0,128773.95838639926,109573.71596387844,343598.1322719339,4600776.956204627,55770.25420944813
City of Mati,1102509000,2022,17.0,216947.07121694623,43247.093420720565,388088.8690044754,5366033.51258884,202186901.24577168
City of Mati,1102509000,2023,17.0,216947.12188748564,45224.91738802622,389814.2895383081,5366392.085343767,207473607.53383005
City of Mati,1102509000,2024,20.0,213589.10966865526,62280.33199819665,401180.9803494404,5809772.953924318,207476045.2560618
City of Mati,1102509000,2025,18.0,197427.23005615812,102648.98478558488,486843.9934300847,5958608.195488753,207962373.6448026
City of Meycauayan,301412000,2022,50.0,63584.11628030836,17061.52632143551,3083081.017845803,2708505.9565352476,288144.8074395257
City of Meycauayan,301412000,2023,54.0,65956.22878143782,15104.234695944833,3162546.3835050515,3719336.0261757984,622100.7786671052
City of Meycauayan,301412000,2024,55.0,65956.2075686615,15012.629832858249,3179890.119700637,4073959.268391022,652286.6606405126
City of Meycauayan,301412000,2025,56.0,65909.86943313318,15005.63427438875,3232210.5078185536,4088293.5128061036,603578.1589786663
City of Muntinlupa,1380800000,2022,155.0,42585.546193311915,15524.989007867485,7060143.48880299,24885127.7308471,1179407.5489703473
City of Muntinlupa,1380800000,2023,156.0,44214.614392649244,14742.466505245315,7074969.371358408,25023761.618258804,1161032.1037524473
City of Muntinlupa,1380800000,2024,154.0,43421.276132053725,16691.021679711932,7147607.095744046,25021204.421961397,1317523.1893332102
City of Muntinlupa,1380800000,2025,151.0,43408.195871651515,16763.205466057305,7154147.8181718225,24437968.402342837,1465527.92215632
City of Naga,501724000,2022,71.0,36361.71382288463,61609.44018803823,2310696.676168716,17794512.79304458,9308715.93398864
City of Naga,501724000,2023,69.0,38481.48152780363,59488.243522135264,2357225.977821506,18048330.75293507,9388005.35405564
City of Naga,501724000,2024,73.0,38673.41839073898,60243.566020294886,2522673.392835929,14949608.582527688,9388784.609874668
City of Naga,501724000,2025,78.0,32938.638091289686,59492.535488520145,2693628.7456370792,15099575.463697368,9383242.002561875
City of Naga,702234000,2022,10.0,41590.20127975747,17992.14996059139,1171055.6162740295,1487045.6447478742,752860.6379957919
City of Naga,702234000,2023,10.0,41590.20127975747,17992.14996059139,1179501.3304205444,1487045.6447478742,752552.1449468277
City of Naga,702234000,2024,6.0,41640.46945487786,17750.41884237743,1272957.7924203696,2501708.0557213635,3686391.874182343
City of Naga,702234000,2025,7.0,41677.74477660311,19869.746824189977,1336526.5715943137,2636680.5663772747,3773907.9721441297
City of Navotas,1380900000,2022,11.0,24988.21679771438,779.787428559856,1569927.6987423145,741336.4099633544,339527.5319042043
City of Navotas,1380900000,2023,9.0,24990.018386182055,438.12536079824656,1695052.3242240914,637433.0887784144,15187.17154552559
City of Navotas,1380900000,2024,14.0,23955.421859385126,437.46710201585137,1839335.1340052239,729412.003130907,14959.616474793711
City of Navotas,1380900000,2025,11.0,23955.42185938723,559.093522118118,1848460.6907962512,771654.5459046565,15281.279643859089
City of Olongapo,331400000,2022,29.0,59531.32898719451,26392.31690862034,5243006.265428866,5373702.663409169,10469262.267796144
City of Olongapo,331400000,2023,37.0,70972.30848244694,26392.31690862034,5330116.337201092,3560136.8810547097,10506892.925371505
City of Olongapo,331400000,2024,39.0,75508.62171866788,26392.31690862034,5371621.996297514,5083670.762101226,12037631.338558497
City of Olongapo,331400000,2025,39.0,75432.19819473637,26392.16905009383,5372971.110191741,6038549.342550558,15701145.909648644
City of Oroquieta,1004209000,2022,11.0,128911.34298792576,8582.746341822796,145419.81070804992,59674.086475084165,29869445.12617474
City of Oroquieta,1004209000,2023,11.0,129283.99287855522,8850.777158629991,194286.82025220752,58756.911751664746,29871509.005199995
City of Oroquieta,1004209000,2024,14.0,129283.9928785552,8850.777158629991,196168.99031495082,58756.911751664746,29871509.005199995
City of Oroquieta,1004209000,2025,14.0,129283.99287855522,8850.777158629991,200425.4203967388,94948.01044365294,29871509.005199995
City of Ozamiz,1004210000,2022,40.0,60818.996985093254,5654.384659411279,464383.9585376079,289933.2824449308,3834974.99636663
City of Ozamiz,1004210000,2023,36.0,60818.996985093254,5654.384659411279,489711.7394985947,388203.42756074836,3834974.99636663
City of Ozamiz,1004210000,2024,43.0,60818.996985093254,5654.384659411279,498547.86846753623,406972.5227919082,3834974.99636663
City of Ozamiz,1004210000,2025,42.0,60988.334823733436,6106.23062511237,494603.1895580207,454533.7578491229,3841487.207004199
City of Pagadian,907322000,2022,25.0,225303.41818163084,40956.67999402929,603114.0218467106,9831774.432316855,56084.83258629066
City of Pagadian,907322000,2023,28.0,225283.46572292212,41286.90442563546,2904994.377264747,9669616.705049401,56084.83258629066
City of Pagadian,907322000,2024,32.0,227139.788415403,41679.593918363105,3288109.642886014,9836736.158083322,56084.83258629066
City of Pagadian,907322000,2025,33.0,235518.90279996736,35676.261229665695,3845529.7802083925,3017805.6803770256,56084.83258629066
City of Palayan,304919000,2022,0.0,142906.97503719645,61516.09950486883,197369.9691416857,3478245.3003981356,21612.77529307843
City of Palayan,304919000,2023,0.0,142906.97503719645,61516.09950629931,197370.03008653023,3478245.3003981356,21612.77529307843
City of Palayan,304919000,2024,0.0,143312.35544459772,61514.78729417886,287912.35310485185,3511267.1568080047,21612.77529307843
City of Palayan,304919000,2025,0.0,130779.31468811179,61573.675970237564,408881.4385888732,3684606.8338554786,41690.85389246055
City of Panabo,1102315000,2022,15.0,270220.13571697124,83697.82131437333,4563315.155401329,2349592.250799866,1205381.196946555
City of Panabo,1102315000,2023,15.0,256994.61750977224,94804.81874840987,4556280.493407793,2638126.226188044,861263.4180046926
City of Panabo,1102315000,2024,14.0,259405.09601100837,100755.89367299939,4559449.867157385,3629977.2148723537,792251.572452977
City of Panabo,1102315000,2025,14.0,221119.9615887541,113732.22372385178,4565980.669914508,3672077.3771718093,836797.8673542792
City of Parañaque,1381000000,2022,176.0,25801.340009151678,43458.42640706589,11344963.605315708,22125381.428199105,1071574.0072887226
City of Parañaque,1381000000,2023,186.0,32873.562875582764,35270.09967324265,11416204.4695732,22905178.688414603,1075715.6201294719
City of Parañaque,1381000000,2024,191.0,35973.492594895106,30384.61431661066,11457267.296234291,24723616.27427741,1069078.298005641
City of Parañaque,1381000000,2025,208.0,33005.121454542474,33753.67513818401,11526314.091982305,24840558.590224907,1085208.6856687684
City of Pasig,1381200000,2022,262.0,42335.16403790081,22433.518424186193,11931415.643804295,12430990.59094027,681210.5327696432
City of Pasig,1381200000,2023,259.0,46076.215566770195,18564.89510420575,11917724.724616686,12598613.666747997,394621.0966811662
City of Pasig,1381200000,2024,273.0,46828.809020242355,17810.96668971976,11932021.250871252,13826673.092010759,409430.669507588
City of Pasig,1381200000,2025,254.0,48408.64366643836,16251.72846700286,11918469.906541951,14815509.053846743,232865.48505255746
City of Passi,603035000,2022,23.0,166680.7322849949,37121.60178920977,1322266.7587476808,831362.4094395546,9494404.00093091
City of Passi,603035000,2023,19.0,166798.95303536448,37121.60178920977,1332006.225030561,841699.2813997006,9501298.40241843
City of Passi,603035000,2024,18.0,166798.95303536448,37121.60178920977,1332281.5802738778,868200.5272777792,9519761.757657565
City of Passi,603035000,2025,17.0,157611.7944925138,84883.43647139914,1336742.8686512266,857470.2978066413,9518076.208902858
City of Puerto Princesa,1731500000,2022,42.0,509542.4688507255,136022.49135223075,5736216.457028873,12415604.282701744,653718664.9713485
City of Puerto Princesa,1731500000,2023,36.0,518053.1284755766,131744.8397572696,5805248.937167933,13210267.088414593,653367626.0248051
City of Puerto Princesa,1731500000,2024,36.0,518053.1284755766,131744.8397572696,5867109.162035706,13497177.229656467,653366437.2204716
City of Puerto Princesa,1731500000,2025,39.0,518006.2931318548,131744.8397572696,5897382.574774544,14055158.43618649,653369365.0221925
City of Roxas,601914000,2022,40.0,88499.35805190519,25355.506962375686,2921215.3845650856,15596578.072993875,1009210.3751305961
City of Roxas,601914000,2023,38.0,93377.4341885334,25355.506962375686,2922767.7731270744,15555076.33408932,1009210.3751305961
City of Roxas,601914000,2024,37.0,93377.43418898115,25992.33600633969,2935597.4870319907,15556193.285050796,1010778.6085635913
City of Roxas,601914000,2025,37.0,93377.34441964986,32962.67258535442,2951024.718498642,14359582.356422383,1008321.0008554957
City of Sagay,604523000,2022,9.0,174234.4952808579,22043.82779249616,673730.6939706686,5111536.983636879,5230382.876513326
City of Sagay,604523000,2023,9.0,189190.79093495785,22043.82779249616,680424.9142043465,5162684.178896111,5230382.876513326
City of Sagay,604523000,2024,9.0,197825.579200389,25328.948281100093,720834.2467987654,6622316.970258111,5230382.876513326
City of Sagay,604523000,2025,7.0,201930.12740881988,44450.42387358002,730884.2901210526,6882277.309629746,5230382.876513326
City of San Carlos,105532000,2022,16.0,138914.8990259446,14791.751987325006,303486.40414157556,105943.569110819,23685.29102924488
City of San Carlos,105532000,2023,17.0,145251.00259265647,15004.903690382645,311975.0566369633,609535.3994631178,23685.29102924488
City of San Carlos,105532000,2024,17.0,135763.46429148328,15004.903690382645,319629.7871164876,607624.6854038492,23685.29102924488
City of San Carlos,105532000,2025,17.0,149607.33109143312,15004.903690382644,327593.7200343901,696137.9192237253,196585.40600500786
City of San Carlos,604524000,2022,17.0,202886.24598572508,2493.786385668104,233634.85423815993,1826263.1619507475,66854428.72215081
City of San Carlos,604524000,2023,17.0,221148.77899755447,41346.02265759437,240250.62846742012,1886437.149167498,23239103.840644434
City of San Carlos,604524000,2024,17.0,227257.45347677224,45362.08251617657,242583.25817810712,2127746.123742486,23239103.840644434
City of San Carlos,604524000,2025,14.0,244278.5365120605,44883.101814439695,1261044.375992846,2215626.739179865,23222702.09496356
City of San Fernando,103314000,2022,47.0,17987.104050320915,29439.919307265805,2021883.4124019973,389387.0584783522,21974.975861463638
City of San Fernando,103314000,2023,46.0,24579.923575413784,25876.228293038825,2041571.820526113,428326.8867814429,135440.50471584054
City of San Fernando,103314000,2024,46.0,24441.51864248893,25873.145380480033,2054154.9472709417,428669.2450342212,135440.50471584054
City of San Fernando,103314000,2025,48.0,24414.54200704883,29583.264230642693,2066389.693379179,537108.7679174962,136747.27172297172
City of San Fernando,305416000,2022,127.0,33145.058456627565,53237.66558553491,10930006.604240406,12157755.193072297,356356.3625345779
City of San Fernando,305416000,2023,127.0,34879.6735908781,52170.54143602277,10960891.762077702,12385094.8704143,598327.7722211096
City of San Fernando,305416000,2024,130.0,43214.53871460952,43996.686472234294,11000894.869466346,14018769.559374262,694927.0916240448
City of San Fernando,305416000,2025,133.0,43218.44006065739,43994.20465399188,11062157.884886246,14411483.627134018,1050708.1472919937
City of San Jose Del Monte,301420000,2022,55.0,82473.54234286331,87355.93214675656,1215861.0952704828,6813540.671390324,431801.68824432103
City of San Jose Del Monte,301420000,2023,56.0,82998.14964017346,86630.7365731778,1325623.0548759103,7681476.70572009,450244.2883200743
City of San Jose Del Monte,301420000,2024,61.0,86099.83957637938,73067.74773963675,1561776.7256485154,9195103.522892103,430552.4700019939
City of San Jose Del Monte,301420000,2025,63.0,81834.91871596618,94368.67079001394,1953218.832750225,11824821.958239539,417979.3472477757
City of San Juan,1381400000,2022,109.0,4738.408260216264,6940.926288260171,2459918.050497329,1771766.0753423572,23959.4460977198
City of San Juan,1381400000,2023,111.0,4827.796510693404,5593.833025137048,2472682.443811242,1853449.8266769769,23117.00340858721
City of San Juan,1381400000,2024,109.0,7250.0371337632005,4087.3373193388284,2475969.961963464,1906390.465468442,26635.19031328469
City of San Juan,1381400000,2025,110.0,7250.0371337632005,4078.0476207393112,2495456.2803476905,1946235.2416847057,26137.372788852394
City of San Pablo,403424000,2022,45.0,67807.82125478136,96447.22184528691,1985625.855051845,12228332.48507759,24976946.364684705
City of San Pablo,403424000,2023,46.0,67777.27611249924,96920.28705818995,2060768.1265131736,12588060.548182366,25745937.2359477
City of San Pablo,403424000,2024,49.0,67950.7650983027,98548.17139946348,2114335.2498432766,12697293.661220163,25600126.76517963
City of San Pablo,403424000,2025,47.0,69915.35309062035,96641.96963380805,2168955.8316823365,13304627.374700954,22261584.233001266
City of San Pedro,403425000,2022,67.0,22321.775297101343,26461.968870051864,4226682.535420277,9784147.605351059,290027.4231817762
City of San Pedro,403425000,2023,66.0,22321.229083251656,26462.497483833184,4240847.494638175,9873643.987422125,294440.0466499194
City of San Pedro,403425000,2024,68.0,20609.24671903283,26490.06258031886,4251943.212762657,10094321.236670205,307819.2607959317
City of San Pedro,403425000,2025,63.0,20609.24671903283,26490.06258031886,4271870.031356084,10132528.315974396,345807.456095769
City of Santa Rosa,403428000,2022,57.0,46842.53281318874,57404.51005969698,2887439.4191090367,26105127.663473908,3769880.0641818773
City of Santa Rosa,403428000,2023,57.0,48287.14377524711,55685.70688938381,2878346.297802311,25448950.750173062,3786869.1789284293
City of Santa Rosa,403428000,2024,57.0,48285.68637710821,55684.47145191123,2945677.7337191743,26672930.675209507,3938386.617940172
City of Santa Rosa,403428000,2025,59.0,48300.95171562991,55685.075529270456,3042136.383480947,27043453.44654596,3458978.1962900846
City of Santiago,203135000,2022,19.0,111217.3875988063,22561.391091471836,519878.3435785335,26088245.290191174,71561.93945439099
City of Santiago,203135000,2023,30.0,108535.87146610569,23898.392877869934,602541.8022643704,25437886.624010283,87383.14796907897
City of Santiago,203135000,2024,30.0,124254.0270417155,37118.78329949903,1697454.4845122998,25222279.025349792,271604.34477072826
City of Santiago,203135000,2025,29.0,123995.74796336827,44064.72045802087,2267210.3537109555,24686982.106007125,610566.507334859
City of Silay,604526000,2022,5.0,187236.8990495674,72677.53179737244,346855.05226532224,4327065.55544809,44142456.19612959
City of Silay,604526000,2023,6.0,187236.8990495674,82925.85287892354,350341.3548098969,4308897.754126041,44142456.19612959
City of Silay,604526000,2024,5.0,189669.15257191026,82585.98789441,399905.130061721,4539615.310986152,44143327.267791145
City of Silay,604526000,2025,5.0,192458.6647046731,97625.52614832403,405467.9193843987,5206329.309639176,44143327.26779115
City of Sipalay,604527000,2022,0.0,161490.59606504044,15941.85898715791,153594.45929530248,851018.7413075018,8912446.052498164
City of Sipalay,604527000,2023,0.0,168813.86410253536,28327.27335006956,153594.45929530248,851018.7413075018,8912446.052498164
City of Sipalay,604527000,2024,0.0,164928.06310331324,22134.566168613735,159156.40217135928,928422.7995503453,8912446.052498164
City of Sipalay,604527000,2025,0.0,164928.06310331324,22134.566168613735,159306.4026454686,928422.7995503453,8912446.052498164
City of Sorsogon,506216000,2022,15.0,117564.34197271497,17623.82459008493,2364641.3368217917,1858784.9653786216,78856000.28726612
City of Sorsogon,506216000,2023,18.0,118633.44150451124,18163.215033636967,2403187.7321555438,1939592.7304435386,77963898.29618756
City of Sorsogon,506216000,2024,19.0,119453.79140956273,20093.54414314461,2397973.767193226,2020542.1820586661,78958453.4027965
City of Sorsogon,506216000,2025,18.0,119371.71044062581,20086.981843829628,2408638.824439553,2214690.5375307454,75247381.54288906
City of Sto. Tomas,401028000,2022,20.0,57980.36597698925,36106.10838803581,4028718.129096079,10337023.214839889,16948310.37421947
City of Sto. Tomas,401028000,2023,20.0,57932.4014721443,36107.34335527536,4059527.3521907493,10456070.545034686,16960367.842411574
City of Sto. Tomas,401028000,2024,18.0,57932.4014721443,36107.34335527536,4116045.5905563156,11312973.341091333,16958357.00565527
City of Sto. Tomas,401028000,2025,20.0,60994.18852858074,42890.578740420104,4164201.398229226,11772143.950856883,16902629.804123078
City of Surigao,1606724000,2022,34.0,98840.87368216238,20672.58762703586,1419500.069147743,2215899.1764708553,38162690.23545033
City of Surigao,1606724000,2023,33.0,118055.70398418966,20672.58762703586,1433772.2139546936,2397220.9804273294,38586986.35068358
City of Surigao,1606724000,2024,32.0,118016.33023064045,21184.333936118437,1444661.9744877326,2514069.8411202473,38589276.203577094
City of Surigao,1606724000,2025,30.0,98801.49992861316,21184.333936118437,1445111.4529379634,2599719.4588276464,40427591.32641245
City of Tabaco,500517000,2022,19.0,59795.61713951226,96291.73140583359,1807806.3326798617,1766342.4319885815,30016652.488793444
City of Tabaco,500517000,2023,18.0,59795.61713951226,96291.73140583359,1814250.6087073178,1801503.3658923819,30017465.615212552
City of Tabaco,500517000,2024,17.0,64643.129386035056,96285.93433432892,1835203.1068694317,2258255.501607336,30026975.62748586
City of Tabaco,500517000,2025,19.0,59682.77102265663,97518.00798088106,1855114.1963607182,2365447.787853326,30048034.572139457
City of Tabuk,1403213000,2022,9.0,438599.4662826384,46406.93852598053,273666.9174026639,1078016.3511777099,13496.046706078088
City of Tabuk,1403213000,2023,9.0,438609.223051623,46406.93852598053,282889.46348326537,2093275.384472476,61092.45681194197
City of Tabuk,1403213000,2024,9.0,437657.5819322032,46406.938526495614,293457.3443969277,2159554.894417481,61092.45681194197
City of Tabuk,1403213000,2025,9.0,437656.004235534,50003.000034799996,294993.2351294969,2294600.872944825,61092.45681194197
City of Tacloban,831600000,2022,73.0,43558.6646236732,31740.265642258062,4460430.518811283,6492050.632680617,51667661.05721437
City of Tacloban,831600000,2023,68.0,51010.62299664086,33929.92498043625,5069011.820361477,6595050.790152515,52587896.585134216
City of Tacloban,831600000,2024,89.0,50917.758571568134,33887.158814760965,5000604.88579086,6910973.450668128,57166148.73329056
City of Tacloban,831600000,2025,86.0,54724.03135166378,32821.93011468408,5161272.84205935,7567757.113894926,56864390.40568158
City of Tacurong,1206511000,2022,19.0,44992.71231508448,1396.9795408426146,478471.2017197479,1253923.8832292468,426293.9141358592
City of Tacurong,1206511000,2023,19.0,83558.86273901547,1396.9795408426146,482957.8225062161,1253923.8832292468,426293.9141358592
City of Tacurong,1206511000,2024,19.0,83558.86273901547,1396.9795408426146,483108.95556531113,1238487.3106882495,426293.91414580814
City of Tacurong,1206511000,2025,19.0,84420.36310442782,19998.89203779123,487304.9535904746,1287997.3706891283,305190.84299593663
City of Tagaytay,402119000,2022,33.0,5919.6864678569955,76842.67204630697,1700970.0653160687,6129126.890779503,15054215.06518967
City of Tagaytay,402119000,2023,30.0,5919.6864678569955,83666.87159018562,1753220.1293564634,6470482.578966534,15053059.542685136
City of Tagaytay,402119000,2024,32.0,7021.633935130729,93400.83067313627,1793478.0385404397,6812168.861737798,15102445.931940768
City of Tagaytay,402119000,2025,32.0,7021.633935130729,94876.25617511409,1804512.7333505733,6851613.058700219,15077479.329463111
City of Tagbilaran,701242000,2022,44.0,1845.60848135879,2972.190323764942,1594322.722187106,1007114.7642869385,70270.19540962273
City of Tagbilaran,701242000,2023,44.0,1845.60848135879,3015.3907140377705,1603933.106955423,1072091.594686009,70270.19540962273
City of Tagbilaran,701242000,2024,47.0,1845.60848135879,3015.3907140377705,1740856.798342689,1331216.3035350132,759417.0335435445
City of Tagbilaran,701242000,2025,49.0,1845.60848135879,3015.3907140377705,1856092.1556706994,1504634.7532781062,782117.9681172849
City of Taguig,1381500000,2022,113.0,19668.663679282618,33617.87970828865,8267568.173889855,10682352.21460556,324444.8110634592
City of Taguig,1381500000,2023,114.0,30907.14190493908,23939.244678181316,8387111.863907165,12206378.427132735,357136.6400693058
City of Taguig,1381500000,2024,118.0,32075.533765648026,23628.06197283012,8431378.146898832,13266504.262418846,628218.0125459064
City of Taguig,1381500000,2025,125.0,30470.152578823712,24231.318862027052,8487400.17301877,13465114.354852512,697409.8165628975
City of Tagum,1102319000,2022,48.0,327743.35266604193,52103.163461975375,6514749.1987316925,8563199.694349235,2856576.011947811
City of Tagum,1102319000,2023,48.0,327707.06541121006,55181.32077361763,6514454.656296315,8598671.183628581,2860379.23497912
City of Tagum,1102319000,2024,49.0,220853.3687214371,51238.1410663934,6494585.610526224,8461259.297646811,2219551.5708763488
City of Tagum,1102319000,2025,47.0,212631.82231448742,54767.53834726717,6581832.598545318,8546820.332434127,2196691.5878173
City of Talisay,604528000,2022,6.0,137032.81718804024,65072.177537201234,514086.9464161145,8563734.579421258,53160599.59680777
City of Talisay,604528000,2023,6.0,137032.81718804024,79207.0725452475,531861.785936637,8583437.196663992,53161134.22387293
City of Talisay,604528000,2024,5.0,141899.25842026615,74411.25030106706,547757.3668973957,9714257.13885982,53184741.26642533
City of Talisay,604528000,2025,5.0,141653.11810958845,94746.56125925925,645662.7598908448,10537246.596784798,53167986.935584895
City of Talisay,702250000,2022,31.0,26145.282371973055,18795.112337893403,741458.1621908095,3396671.325893343,500353.08698889177
City of Talisay,702250000,2023,35.0,28847.09629381414,14941.293594821103,767809.5101982699,3426910.616983968,528047.5266485352
City of Talisay,702250000,2024,30.0,28855.48223823977,14943.971614047348,852805.5258492526,3982097.3554903003,1120452.08404745
City of Talisay,702250000,2025,31.0,28868.9231686082,14943.97161404735,897373.3428077202,4263176.197327605,1171996.1988314549
City of Tanauan,401031000,2022,32.0,28450.648650157593,20884.276144326544,4550977.055930871,8024179.151612841,394876.25370219763
City of Tanauan,401031000,2023,30.0,28453.85739808167,20884.276145309028,4556769.824928237,8049992.317478957,398919.25666295603
City of Tanauan,401031000,2024,33.0,30052.402935336882,25910.455820732706,4639311.516160801,8618753.840903535,3308822.222607603
City of Tanauan,401031000,2025,33.0,29141.471720354468,26150.432245681055,4681740.669286412,8784680.74016493,3313538.993182842
City of Tandag,1606819000,2022,13.0,97758.01335979505,25578.5676345494,376465.97199140256,139812.90986280548,30829.084623712788
City of Tandag,1606819000,2023,11.0,97834.4171218833,27552.871909796526,381892.7844942638,199321.75670012645,69392158.73326676
City of Tandag,1606819000,2024,11.0,125154.61085405832,27552.871909796526,378967.6059291947,204870.48403441714,91024685.29902448
City of Tandag,1606819000,2025,11.0,125890.40137846649,27332.45057451984,378925.4367174029,406682.76399170957,91080757.84852937
City of Tangub,1004215000,2022,1.0,98176.03334997084,3649.691187825711,155402.6984691483,138961.76083368002,37986926.110771194
City of Tangub,1004215000,2023,2.0,98176.03334997084,3649.6911878257115,162153.6445205756,156909.45563996924,37986926.110771194
City of Tangub,1004215000,2024,2.0,98176.03334997084,3649.6911878257115,162474.84390429824,156909.45563996924,37986810.096154496
City of Tangub,1004215000,2025,2.0,98168.95417635552,3678.264556915164,166259.85182244112,183782.9011903511,37987204.422456674
City of Tanjay,704621000,2022,4.0,158723.34183851833,6867.025325640532,92251.59819384874,1444019.1628386246,3300577.8880082904
City of Tanjay,704621000,2023,2.0,169192.26582998026,51983.05028895801,103896.74769538875,1443923.3617981998,3300577.8880082904
City of Tanjay,704621000,2024,5.0,162556.97497510185,57658.48230375194,129484.66410068283,1448681.0389174668,3300577.8880082904
City of Tanjay,704621000,2025,5.0,166112.62447431457,55007.796951038275,131052.04073985486,1516172.938198243,3300577.8880082904
City of Tarlac,306916000,2022,67.0,117551.05080338231,143762.5340257278,7174299.05041658,20358984.94733764,321892.9485990072
City of Tarlac,306916000,2023,71.0,116800.97540588725,144598.83748974334,11534577.090021944,23341979.049691625,758638.3970998484
City of Tarlac,306916000,2024,71.0,162477.1813143664,137304.92071063397,11540755.274385924,23678927.106411655,741145.8533898415
City of Tarlac,306916000,2025,71.0,162760.7844038023,135934.59849474154,11600658.022987653,23592922.033139303,802398.4984959806
City of Tayabas,405647000,2022,16.0,172334.14683599793,60767.422931445486,205383.57764855385,2760435.8714938615,32548005.043055452
City of Tayabas,405647000,2023,16.0,172589.07203835386,63761.92230739796,400611.3439063711,2957074.516539044,32548005.043055452
City of Tayabas,405647000,2024,14.0,175791.88034533925,67722.96348443981,430868.04568283213,3892326.5664314996,32548005.043055456
City of Tayabas,405647000,2025,10.0,175793.0581063467,67702.78583947447,464449.41093658376,4076134.732968156,8852761.1013232
City of Toledo,702251000,2022,17.0,104823.0213652064,48290.875266688425,422286.36243230756,23717302.855420996,680399.1868099218
City of Toledo,702251000,2023,16.0,104584.33689203841,49754.68786068619,458223.057191074,23998152.243197646,819543.4614130335
City of Toledo,702251000,2024,16.0,108823.12172538105,47149.71853888854,519261.87411717104,24193832.12265738,16438539.277622597
City of Toledo,702251000,2025,16.0,96062.18204477051,50555.56360949721,559348.9286979944,24356397.78998224,16468013.691391712
City of Trece Martires,402122000,2022,17.0,79024.29828736199,41353.98372642315,2579851.6742392196,5210523.297496464,56789.95749443574
City of Trece Martires,402122000,2023,17.0,79099.53689930601,42312.33402103948,2622671.307543703,5872250.393170144,60478.116776034905
City of Trece Martires,402122000,2024,17.0,85742.40351113491,40071.25449823696,2770764.4009069465,7936004.8604410505,76648.43920505668
City of Trece Martires,402122000,2025,21.0,85432.7457429948,40064.215628138176,2795779.8158540986,8410562.440032484,68528.79658932242
City of Urdaneta,105546000,2022,38.0,79015.11342305681,53560.7268375966,554668.8504689944,7545509.340831819,12211.476204869865
City of Urdaneta,105546000,2023,38.0,89308.12668967516,39221.41537681019,626848.0063492587,8100420.2274658475,24712.926823561407
City of Urdaneta,105546000,2024,39.0,84295.60663786098,50096.7949451923,631975.5176683425,5441938.8326682765,23631.488660950406
City of Urdaneta,105546000,2025,40.0,84279.91242511045,49707.976792709786,686218.0872723028,6447950.229179631,23444.079136149387
City of Valencia,1001321000,2022,37.0,440671.82062471175,90174.36754902742,1471115.4513810505,2650921.5299625206,89603882.00972545
City of Valencia,1001321000,2023,37.0,420398.5653194477,97531.01808410553,1540915.9682032526,2667120.850098241,89846630.7637397
City of Valencia,1001321000,2024,38.0,420351.1628846848,97531.01808410551,1555535.1330260916,2710473.0296351565,95355536.44480534
City of Valencia,1001321000,2025,37.0,418866.61336272367,121652.61857754586,1572047.308188876,2717815.4488544893,93954477.97447589
City of Valenzuela,1381600000,2022,102.0,55776.02752408522,29295.924604004307,8109442.272716382,5393624.2908659605,274813.6669506373
City of Valenzuela,1381600000,2023,112.0,58539.54611830612,28470.835829250835,8377311.717368454,6568729.886612245,795416.3857837048
City of Valenzuela,1381600000,2024,117.0,59170.90087657465,28003.0509818247,8471229.4291421,7323704.474577906,770479.4384433648
City of Valenzuela,1381600000,2025,112.0,59130.91063452157,28572.752408546083,8472143.665602995,8008063.536506565,722112.1698583345
City of Victorias,604531000,2022,7.0,93038.28480336051,27977.879521264014,351816.26220816537,5402207.996702813,9948969.136694109
City of Victorias,604531000,2023,7.0,91952.81618999074,27977.879521264014,384316.3667040374,5402207.996529689,9948969.136694109
City of Victorias,604531000,2024,7.0,91952.81618999074,27977.879521264014,384698.6246175837,5542860.459565507,9948969.136694109
City of Victorias,604531000,2025,7.0,107446.70741028675,30532.388181308914,386136.0216603009,5531852.698934191,9951659.675959682
City of Vigan,102934000,2022,23.0,20236.390712936412,1115.2105986786287,1689781.6883487967,79766.83567647777,11646.161939004518
City of Vigan,102934000,2023,23.0,20113.881184350117,1115.2105986786287,1688084.2948855502,78534.5174141825,11646.161939004518
City of Vigan,102934000,2024,24.0,22627.617579045196,4347.522881811318,1706942.3144891928,215648.49534582792,13273.712323636604
City of Vigan,102934000,2025,24.0,22627.617579045196,4347.522881811318,1706877.1108925268,215648.49534582792,13273.712323636604
City of Zamboanga,931700000,2022,55.0,529699.9154362472,78847.00764570772,2293883.869460623,5286967.40691893,238230052.27619419
City of Zamboanga,931700000,2023,55.0,553752.251769813,89471.22880134491,2319690.985737719,5420382.66095538,238230052.27619419
City of Zamboanga,931700000,2024,56.0,560423.3649748766,103088.58387643937,2568971.6860814327,7218530.03849908,238262639.41420186
City of Zamboanga,931700000,2025,58.0,570306.3273408052,110986.01038130988,2737748.72323867,7455811.339548559,220290472.75963894
Danao City,702223000,2022,4.0,91500.21108995305,40161.74258881415,203616.49539427945,2405355.142181111,30166.25502312257
Danao City,702223000,2023,4.0,91658.96527080359,40155.2992440174,276937.4064939415,2422204.6864820877,30166.25502312257
Danao City,702223000,2024,1.0,91696.91984864257,40155.2992440174,302866.0007846872,2602145.8334188806,3928835.2869447563
Danao City,702223000,2025,1.0,91696.91984879762,43516.21747168913,342708.3478594912,2586768.3456842937,3928835.2869447563
Island Garden City of Samal,1102317000,2022,26.0,2104.8227737673974,5967.733314002967,2144894.765179912,1399889.637298756,1057329.8078496242
Island Garden City of Samal,1102317000,2023,22.0,2104.8227737673974,8754.689470812926,2163855.0399111537,2285246.2000435716,14599057.650127724
Island Garden City of Samal,1102317000,2024,22.0,2104.8227737673974,12229.958819262272,2160136.900359039,2586731.6222807076,14575335.570975874
Island Garden City of Samal,1102317000,2025,20.0,1460.246198329301,34131.284260211876,2158101.730682313,2697674.251866329,14680185.367486374
Mabalacat City,305409000,2022,29.0,125515.22872457311,69320.33210962094,6646319.949819572,6895640.028760692,5701756.262182331
Mabalacat City,305409000,2023,31.0,137180.14773025646,61067.43225228899,6642610.629846304,7285340.778154931,5781386.613154526
Mabalacat City,305409000,2024,33.0,141101.5313338935,57729.82848402313,6589101.983915016,8014328.910924292,5793382.060746076
Mabalacat City,305409000,2025,35.0,105756.54105190719,75022.1279830521,6599259.806815407,8796344.043025048,5661292.115995072
Ormoc City,803738000,2022,43.0,291919.95196527685,92332.51064167777,2732329.771364374,8119811.6164679015,164765726.35555193
Ormoc City,803738000,2023,48.0,374804.494007408,121659.94115031698,2806620.751012826,8600840.771920493,164897705.88070315
Ormoc City,803738000,2024,59.0,381411.7645850925,128987.445742461,2923068.259510717,9143238.563111793,164802911.87694633
Ormoc City,803738000,2025,54.0,381411.7645850925,128987.445742461,3001621.3965318757,9549992.339202428,164459890.80329582
Pasay City,1381100000,2022,126.0,7258.503448616924,21998.716102938248,4801239.915670596,4369929.491224455,2040498.7481154834
Pasay City,1381100000,2023,134.0,7799.0408413633095,22151.048018875124,4887429.693238376,4413065.168615331,2046826.321546656
Pasay City,1381100000,2024,133.0,8833.333012858726,21680.440308870366,4905337.117873407,4429654.2377354475,2050989.064915785
Pasay City,1381100000,2025,146.0,8829.624625241513,21680.58190949004,4914876.928430183,4491232.753122376,2066843.7645104318
Quezon City,1381300000,2022,845.0,111829.19380383438,97221.82508329698,46809884.38889505,49729581.42994071,24695236.99596744
Quezon City,1381300000,2023,839.0,132891.72103985655,78528.82877739033,46916849.429262176,59284216.939222224,24026822.17501368
Quezon City,1381300000,2024,863.0,129803.92904007851,78206.06160767563,46954545.2475375,60416780.06321024,24394569.502055746
Quezon City,1381300000,2025,900.0,123318.08602588787,84281.47631430748,46936833.0189383,61832291.54478878,24108120.276693024
San Jose City,304926000,2022,10.0,90320.449522979,190903.76696763764,315705.00999109296,603029.4326476534,144273.3435713251
San Jose City,304926000,2023,10.0,90331.74383065343,185788.92717594365,323359.76408223226,1561481.6381702265,159308.41369304527
San Jose City,304926000,2024,10.0,90331.45676368255,186129.74304324656,327530.5254773442,1807731.5054137136,159308.41369304527
San Jose City,304926000,2025,10.0,89161.43898684884,175324.9534139714,402802.7167054942,1903644.0579866963,159308.41369304527
Science City of Muñoz,304917000,2022,2.0,72284.33127365548,146717.28417223477,330704.30809823266,318998.4317018506,236463.02256327713
Science City of Muñoz,304917000,2023,2.0,72329.03316372389,146717.33900070647,340070.731655503,959355.8456875624,236463.02256327713
Science City of Muñoz,304917000,2024,2.0,66974.47837132419,139278.5662352199,343970.3548129748,959355.8456875624,236463.02256327713
Science City of Muñoz,304917000,2025,2.0,61691.782322808045,136789.65730152497,352999.6732272542,967319.3464775658,259416.67973844777
Tuguegarao City,201529000,2022,37.0,56648.30806143086,4334.054127264547,4251810.528931619,1461606.5292773703,649502.9708839096
Tuguegarao City,201529000,2023,32.0,56648.30806143086,4334.054127264547,4257911.509761813,1568853.4592127854,649784.0519799732
Tuguegarao City,201529000,2024,40.0,56164.06588875308,4334.054127264547,4225849.293113039,1033028.5919495531,649784.0519799732
Tuguegarao City,201529000,2025,35.0,56164.06588875308,4187.493338642257,4234179.797475363,1928345.7798363813,649784.0519799732
